{
  "questions": [
    {
      "question": "Which is the oldest mountain range in India?",
      "answers": [
        "(a) Satpura Range",
        "(b) Aravali Range",
        "(c) Vindhya Range",
        "(d) Pir Panjal Range"
      ]
    },
    {
      "question": "What does NATO stand for?",
      "answers": [
        "A. North Atlantic Treaty Organization",
        "B. North America Treaty Organization",
        "C. North Atlantic Trust Organization",
        "D. North Alliance Treaty Organization"
      ]
    },
    {
      "question": "Which is the smallest country in the world?",
      "answers": [
        "A. Vanuatu",
        "B. Vatican City",
        "C. Luxembourg",
        "D. Monaco"
      ]
    },
    {
      "question": "What is the capital of Spain?",
      "answers": [
        "Berlin",
        "Buenos Aires",
        "Madrid",
        "San Juan"
      ]
    },
    {
      "question": "What is 70 degrees Fahrenheit in Celsius?",
      "answers": [
        "18.8889",
        "20",
        "21.1111",
        "158"
      ]
    },
    {
      "question": "When was Mahatma Gandhi born?",
      "answers": [
        "October 2, 1869",
        "December 15, 1872",
        "July 18, 1918",
        "January 15, 1929"
      ]
    },
    {
      "question": "How far is the moon from Earth?",
      "answers": [
        "7,918 miles (12,742 km)",
        "86,881 miles (139,822 km)",
        "238,400 miles (384,400 km)",
        "35,980,000 miles (57,910,000 km)"
      ]
    },
    {
      "question": "How tall is Mount Everest?",
      "answers": [
        "6,683 ft (2,037 m)",
        "7,918 ft (2,413 m)",
        "19,341 ft (5,895 m)",
        "29,029 ft (8,847 m)"
      ]
    },
    {
      "question": "When did The Avengers come out?",
      "answers": [
        "May 2, 2008",
        "May 4, 2012",
        "May 3, 2013",
        "April 4, 2014"
      ]
    }
  ]
}
